[5.0-6.0],Auto & Vehicles,[0.0-10000.0],32
[4.0-5.0],Simulation,[0.0-10000.0],64
[9.0-10.0],Lifestyle,[0.0-10000.0],131
[0.0-1.0],News & Magazines,[50000.0-60000.0],1370
[2.0-3.0],Weather,[0.0-10000.0],38
[0.0-1.0],Tools,[1000000.0-1010000.0],3280
[4.0-5.0],Education,[10000.0-20000.0],48
[2.0-3.0],Role Playing,[10000.0-20000.0],24
[11.0-12.0],Auto & Vehicles,[0.0-10000.0],25
[0.0-1.0],Events,[50000.0-60000.0],133
[0.0-1.0],Lifestyle,[1000000.0-1010000.0],1164
[0.0-1.0],Shopping,[100000.0-110000.0],3032
[9.0-10.0],Tools,[0.0-10000.0],177
[0.0-1.0],Card,[1.0E7-1.001E7],51
[7.0-8.0],Books & Reference,[0.0-10000.0],660
[0.0-1.0],Simulation,[100000.0-110000.0],4555
[0.0-1.0],Trivia,[50000.0-60000.0],489
[0.0-1.0],Libraries & Demo,[50000.0-60000.0],136
[0.0-1.0],Trivia,[5000000.0-5010000.0],48
[0.0-1.0],Art & Design,[10000.0-20000.0],2532
[0.0-1.0],Medical,[50000.0-60000.0],1034
[1.0-2.0],Personalization,[0.0-10000.0],8276
[3.0-4.0],Entertainment,[0.0-10000.0],264
[12.0-13.0],Sports,[0.0-10000.0],22
"",Music & Audio,"",233
[0.0-1.0],Role Playing,[5.0E7-5.001E7],23
[0.0-1.0],Events,[500000.0-510000.0],24
[0.0-1.0],Beauty,[500000.0-510000.0],91
[0.0-1.0],Music,[100000.0-110000.0],589
[0.0-1.0],Tools,[1.0E9-1.00001E9],20
[6.0-7.0],Travel & Local,[0.0-10000.0],51
"",Education,"",1595
[8.0-9.0],Entertainment,[0.0-10000.0],22
[0.0-1.0],Simulation,[0.0-10000.0],17598
[3.0-4.0],Adventure,[0.0-10000.0],143
[1.0-2.0],Board,[0.0-10000.0],138
[2.0-3.0],Racing,[0.0-10000.0],21
[1.0-2.0],Lifestyle,[0.0-10000.0],525
[3.0-4.0],Maps & Navigation,[0.0-10000.0],311
[0.0-1.0],Social,[500000.0-510000.0],516
[0.0-1.0],Auto & Vehicles,[1000000.0-1010000.0],211
[0.0-1.0],Racing,[1.0E7-1.001E7],270
[0.0-1.0],House & Home,[50000.0-60000.0],116
[0.0-1.0],Photography,[50000.0-60000.0],1810
[0.0-1.0],Events,[0.0-10000.0],20907
[20.0-21.0],Education,[0.0-10000.0],45
[0.0-1.0],Strategy,[100000.0-110000.0],1304
[3.0-4.0],Casual,[0.0-10000.0],67
[5.0-6.0],Tools,[0.0-10000.0],220
[2.0-3.0],Auto & Vehicles,[0.0-10000.0],69
[0.0-1.0],Finance,[1.0E7-1.001E7],239
[0.0-1.0],Card,[1000000.0-1010000.0],467
[5.0-6.0],Casual,[0.0-10000.0],25
[0.0-1.0],Trivia,[500000.0-510000.0],196
[64.0-65.0],Education,[0.0-10000.0],22
[0.0-1.0],Weather,[1000000.0-1010000.0],481
[0.0-1.0],Puzzle,[5000000.0-5010000.0],361
[3.0-4.0],Comics,[0.0-10000.0],24
[0.0-1.0],Communication,[100000.0-110000.0],2181
[0.0-1.0],Communication,[10000.0-20000.0],5586
[4.0-5.0],Action,[0.0-10000.0],73
[3.0-4.0],Educational,[0.0-10000.0],164
[0.0-1.0],Action,[1000000.0-1010000.0],1525
[0.0-1.0],Casual,[100000.0-110000.0],3957
[0.0-1.0],House & Home,[100000.0-110000.0],162
[9.0-10.0],Medical,[0.0-10000.0],85
[0.0-1.0],Education,[1000000.0-1010000.0],1488
[1.0-2.0],Strategy,[10000.0-20000.0],29
[0.0-1.0],Health & Fitness,[50000.0-60000.0],591
[9.0-10.0],Auto & Vehicles,[0.0-10000.0],63
[3.0-4.0],Finance,[0.0-10000.0],126
[1.0-2.0],House & Home,[0.0-10000.0],31
[0.0-1.0],Maps & Navigation,[100000.0-110000.0],1513
[9.0-10.0],Maps & Navigation,[0.0-10000.0],23
[13.0-14.0],Entertainment,[0.0-10000.0],22
[1.0-2.0],Auto & Vehicles,[0.0-10000.0],127
[0.0-1.0],Arcade,[1.0E7-1.001E7],348
[0.0-1.0],News & Magazines,[5000000.0-5010000.0],54
[0.0-1.0],Tools,[500000.0-510000.0],2509
[0.0-1.0],Travel & Local,[1000000.0-1010000.0],588
[2.0-3.0],News & Magazines,[0.0-10000.0],26
[0.0-1.0],Photography,[5.0E7-5.001E7],52
[0.0-1.0],Music & Audio,[100000.0-110000.0],5285
[0.0-1.0],Adventure,[500000.0-510000.0],640
[0.0-1.0],Arcade,[1.0E8-1.0001E8],52
[0.0-1.0],Simulation,[1.0E8-1.0001E8],23
[2.0-3.0],Educational,[10000.0-20000.0],39
"",Entertainment,"",557
[8.0-9.0],Education,[0.0-10000.0],242
[3.0-4.0],Music & Audio,[10000.0-20000.0],21
[0.0-1.0],Books & Reference,[100000.0-110000.0],4982
[0.0-1.0],Finance,[0.0-10000.0],78513
[0.0-1.0],Travel & Local,[0.0-10000.0],76211
[5.0-6.0],Arcade,[0.0-10000.0],21
[0.0-1.0],Action,[5000000.0-5010000.0],409
[0.0-1.0],Card,[100000.0-110000.0],1235
[1.0-2.0],Music,[0.0-10000.0],30
[0.0-1.0],Sports,[1.0E7-1.001E7],230
[2.0-3.0],Casual,[10000.0-20000.0],23
[6.0-7.0],Books & Reference,[0.0-10000.0],137
[0.0-1.0],Parenting,[0.0-10000.0],4436
[2.0-3.0],Arcade,[10000.0-20000.0],23
[5.0-6.0],Simulation,[10000.0-20000.0],25
[2.0-3.0],Trivia,[0.0-10000.0],32
[16.0-17.0],Tools,[0.0-10000.0],20
[0.0-1.0],Communication,[5000000.0-5010000.0],167
[0.0-1.0],Strategy,[10000.0-20000.0],1645
[3.0-4.0],Board,[0.0-10000.0],66
[1.0-2.0],Entertainment,[0.0-10000.0],1251
[0.0-1.0],Strategy,[1.0E7-1.001E7],167
[0.0-1.0],Medical,[500000.0-510000.0],223
[0.0-1.0],Music & Audio,[50000.0-60000.0],4529
[0.0-1.0],News & Magazines,[1000000.0-1010000.0],360
[0.0-1.0],Social,[5.0E7-5.001E7],34
[1.0-2.0],Arcade,[10000.0-20000.0],33
[1.0-2.0],Medical,[0.0-10000.0],345
[4.0-5.0],Photography,[0.0-10000.0],48
[0.0-1.0],Medical,[5000000.0-5010000.0],23
[0.0-1.0],Action,[1.0E8-1.0001E8],63
[0.0-1.0],Productivity,[5.0E7-5.001E7],24
[39.0-40.0],Lifestyle,[0.0-10000.0],25
[0.0-1.0],Comics,[50000.0-60000.0],190
[0.0-1.0],Communication,[50000.0-60000.0],1571
[0.0-1.0],Adventure,[50000.0-60000.0],1176
[2.0-3.0],Adventure,[0.0-10000.0],218
[0.0-1.0],Productivity,[1000000.0-1010000.0],993
[0.0-1.0],Education,[500000.0-510000.0],1581
[0.0-1.0],Educational,[0.0-10000.0],23362
[13.0-14.0],Books & Reference,[0.0-10000.0],27
[0.0-1.0],Casino,[0.0-10000.0],4546
[0.0-1.0],Travel & Local,[100000.0-110000.0],2132
[7.0-8.0],Auto & Vehicles,[0.0-10000.0],20
[19.0-20.0],Books & Reference,[0.0-10000.0],48
[0.0-1.0],Music,[50000.0-60000.0],372
[0.0-1.0],Sports,[5.0E7-5.001E7],31
"",Arcade,"",33
[0.0-1.0],Comics,[10000.0-20000.0],425
[54.0-55.0],Education,[0.0-10000.0],21
[1.0-2.0],Adventure,[10000.0-20000.0],37
[0.0-1.0],Simulation,[1.0E7-1.001E7],443
[0.0-1.0],Medical,[10000.0-20000.0],4005
[1.0-2.0],Parenting,[0.0-10000.0],44
[1.0-2.0],Personalization,[10000.0-20000.0],189
[3.0-4.0],Sports,[0.0-10000.0],238
[0.0-1.0],Art & Design,[50000.0-60000.0],732
[0.0-1.0],Beauty,[100000.0-110000.0],403
[5.0-6.0],Adventure,[0.0-10000.0],53
[0.0-1.0],Racing,[100000.0-110000.0],1333
[0.0-1.0],Sports,[500000.0-510000.0],613
[24.0-25.0],Tools,[0.0-10000.0],30
[0.0-1.0],Art & Design,[500000.0-510000.0],239
[0.0-1.0],Lifestyle,[0.0-10000.0],137318
[0.0-1.0],Food & Drink,[10000.0-20000.0],4679
[0.0-1.0],Comics,[500000.0-510000.0],74
[0.0-1.0],Arcade,[0.0-10000.0],66538
[49.0-50.0],Education,[0.0-10000.0],44
[0.0-1.0],Strategy,[1000000.0-1010000.0],810
[5.0-6.0],Educational,[0.0-10000.0],49
"",Sports,"",242
[0.0-1.0],Food & Drink,[50000.0-60000.0],1035
[7.0-8.0],Productivity,[0.0-10000.0],67
[0.0-1.0],Video Players & Editors,[5000000.0-5010000.0],161
[6.0-7.0],Casino,[0.0-10000.0],20
[0.0-1.0],Medical,[100000.0-110000.0],1311
[3.0-4.0],Travel & Local,[0.0-10000.0],173
[4.0-5.0],Weather,[0.0-10000.0],27
[0.0-1.0],True,"",31
"",Travel & Local,"",196
[0.0-1.0],Trivia,[0.0-10000.0],14369
[8.0-9.0],Photography,[0.0-10000.0],26
"","","",55
"",Food & Drink,"",52
[0.0-1.0],Racing,[1.0E8-1.0001E8],34
[0.0-1.0],Books & Reference,[50000.0-60000.0],4410
[0.0-1.0],Entertainment,[50000.0-60000.0],6949
[5.0-6.0],Action,[0.0-10000.0],28
[4.0-5.0],Tools,[0.0-10000.0],456
[0.0-1.0],Casino,[10000.0-20000.0],1644
[0.0-1.0],Adventure,[1.0E7-1.001E7],187
[0.0-1.0],Arcade,[1000000.0-1010000.0],1098
[1.0-2.0],Role Playing,[0.0-10000.0],135
[4.0-5.0],Travel & Local,[0.0-10000.0],236
[0.0-1.0],Finance,[500000.0-510000.0],1382
[5.0-6.0],Personalization,[0.0-10000.0],21
[0.0-1.0],Productivity,[5000000.0-5010000.0],203
[1.0-2.0],Books & Reference,[0.0-10000.0],2208
[1.0-2.0],Action,[10000.0-20000.0],21
[0.0-1.0],Board,[1000000.0-1010000.0],425
[2.0-3.0],Board,[0.0-10000.0],83
[4.0-5.0],Medical,[0.0-10000.0],166
[9.0-10.0],Photography,[0.0-10000.0],20
[0.0-1.0],Board,[5000000.0-5010000.0],86
[1.0-2.0],Racing,[0.0-10000.0],58
[6.0-7.0],Lifestyle,[0.0-10000.0],43
[14.0-15.0],Sports,[0.0-10000.0],31
[0.0-1.0],Dating,[50000.0-60000.0],406
[7.0-8.0],Entertainment,[0.0-10000.0],35
[0.0-1.0],Role Playing,[500000.0-510000.0],799
[16.0-17.0],Sports,[0.0-10000.0],27
[0.0-1.0],Productivity,[1.0E8-1.0001E8],20
[2.0-3.0],Simulation,[0.0-10000.0],114
[2.0-3.0],Music & Audio,[0.0-10000.0],370
[0.0-1.0],Education,[100000.0-110000.0],9673
[9.0-10.0],Entertainment,[0.0-10000.0],55
[1.0-2.0],Casual,[10000.0-20000.0],25
[9.0-10.0],Educational,[0.0-10000.0],22
[7.0-8.0],Educational,[0.0-10000.0],23
[0.0-1.0],Role Playing,[1000000.0-1010000.0],1007
[7.0-8.0],Role Playing,[0.0-10000.0],47
[0.0-1.0],Lifestyle,[5000000.0-5010000.0],170
[1.0-2.0],Comics,[0.0-10000.0],33
[0.0-1.0],Puzzle,[1.0E7-1.001E7],417
[0.0-1.0],Trivia,[1000000.0-1010000.0],244
[5.0-6.0],Medical,[0.0-10000.0],74
[0.0-1.0],Dating,[100000.0-110000.0],538
[0.0-1.0],Arcade,[5.0E7-5.001E7],53
[9.0-10.0],Travel & Local,[0.0-10000.0],31
[0.0-1.0],Medical,[1.0E7-1.001E7],26
[1.0-2.0],Puzzle,[0.0-10000.0],663
[0.0-1.0],News & Magazines,[1.0E7-1.001E7],48
[0.0-1.0],Personalization,[1000000.0-1010000.0],1272
[0.0-1.0],Photography,[1000000.0-1010000.0],1377
[3.0-4.0],Photography,[0.0-10000.0],62
[4.0-5.0],Strategy,[0.0-10000.0],115
[1.0-2.0],Word,[0.0-10000.0],117
[4.0-5.0],House & Home,[0.0-10000.0],20
[9.0-10.0],Business,[0.0-10000.0],81
[0.0-1.0],Arcade,[10000.0-20000.0],4572
[2.0-3.0],House & Home,[0.0-10000.0],24
[2.0-3.0],Photography,[0.0-10000.0],105
[2.0-3.0],Tools,[100000.0-110000.0],25
[6.0-7.0],Tools,[0.0-10000.0],138
[17.0-18.0],Books & Reference,[0.0-10000.0],21
[0.0-1.0],Beauty,[5000000.0-5010000.0],21
[2.0-3.0],Communication,[0.0-10000.0],112
[0.0-1.0],Productivity,[10000.0-20000.0],9383
[16.0-17.0],Education,[0.0-10000.0],34
[0.0-1.0],Role Playing,[50000.0-60000.0],1115
[0.0-1.0],Casual,[50000.0-60000.0],2201
[0.0-1.0],Lifestyle,[500000.0-510000.0],1103
[4.0-5.0],Tools,[10000.0-20000.0],27
[6.0-7.0],Business,[0.0-10000.0],46
[0.0-1.0],Food & Drink,[0.0-10000.0],116156
[0.0-1.0],Entertainment,[500000.0-510000.0],2313
[4.0-5.0],Finance,[0.0-10000.0],77
[7.0-8.0],Lifestyle,[0.0-10000.0],56
[2.0-3.0],Personalization,[10000.0-20000.0],45
[10.0-11.0],Sports,[0.0-10000.0],33
[1.0-2.0],Tools,[50000.0-60000.0],20
[0.0-1.0],Shopping,[0.0-10000.0],143887
[7.0-8.0],Tools,[0.0-10000.0],90
[0.0-1.0],Music & Audio,[10000.0-20000.0],18726
[0.0-1.0],Word,[1000000.0-1010000.0],363
[6.0-7.0],Productivity,[0.0-10000.0],85
[0.0-1.0],Video Players & Editors,[1000000.0-1010000.0],629
[1.0-2.0],Puzzle,[10000.0-20000.0],61
[0.0-1.0],Word,[500000.0-510000.0],211
[0.0-1.0],Health & Fitness,[5000000.0-5010000.0],41
[0.0-1.0],Lifestyle,[1.0E7-1.001E7],115
[11.0-12.0],Tools,[0.0-10000.0],55
[2.0-3.0],Video Players & Editors,[0.0-10000.0],73
[14.0-15.0],Music & Audio,[0.0-10000.0],29
[0.0-1.0],Finance,[10000.0-20000.0],12771
[2.0-3.0],Entertainment,[0.0-10000.0],579
[4.0-5.0],Sports,[0.0-10000.0],163
[0.0-1.0],Beauty,[50000.0-60000.0],272
[0.0-1.0],Lifestyle,[10000.0-20000.0],13746
[0.0-1.0],Travel & Local,[50000.0-60000.0],1719
[0.0-1.0],Weather,[1.0E7-1.001E7],69
[0.0-1.0],Card,[0.0-10000.0],6329
[2.0-3.0],Photography,[10000.0-20000.0],20
[7.0-8.0],Business,[0.0-10000.0],31
[1.0-2.0],Finance,[0.0-10000.0],297
[0.0-1.0],Sports,[10000.0-20000.0],6403
[1.0-2.0],Photography,[0.0-10000.0],211
[10.0-11.0],Tools,[0.0-10000.0],60
[3.0-4.0],Weather,[0.0-10000.0],22
[0.0-1.0],Casual,[0.0-10000.0],68599
[5.0-6.0],Finance,[0.0-10000.0],41
[0.0-1.0],Food & Drink,[5000000.0-5010000.0],58
[19.0-20.0],Medical,[0.0-10000.0],29
[0.0-1.0],Art & Design,[1.0E7-1.001E7],37
[4.0-5.0],Business,[0.0-10000.0],119
[0.0-1.0],Arcade,[5000000.0-5010000.0],303
[0.0-1.0],Tools,[5.0E7-5.001E7],110
[0.0-1.0],Entertainment,[5.0E7-5.001E7],37
[9.0-10.0],Board,[0.0-10000.0],21
[4.0-5.0],Lifestyle,[0.0-10000.0],241
"",Tools,"",688
[0.0-1.0],Weather,[0.0-10000.0],5508
[0.0-1.0],Card,[10000.0-20000.0],1837
[4.0-5.0],Productivity,[0.0-10000.0],319
[0.0-1.0],Beauty,[10000.0-20000.0],1055
[0.0-1.0],Tools,[100000.0-110000.0],10204
[0.0-1.0],Communication,[1000000.0-1010000.0],740
[0.0-1.0],Communication,[1.0E7-1.001E7],165
[5.0-6.0],Music & Audio,[0.0-10000.0],98
[0.0-1.0],Productivity,[50000.0-60000.0],2291
[0.0-1.0],Shopping,[1000000.0-1010000.0],996
[8.0-9.0],Books & Reference,[0.0-10000.0],64
[0.0-1.0],Business,[5000000.0-5010000.0],110
[0.0-1.0],Action,[500000.0-510000.0],865
[6.0-7.0],Music & Audio,[0.0-10000.0],74
[0.0-1.0],Books & Reference,[500000.0-510000.0],830
[0.0-1.0],Finance,[100000.0-110000.0],5608
[2.0-3.0],Adventure,[10000.0-20000.0],42
[0.0-1.0],Sports,[1000000.0-1010000.0],838
[0.0-1.0],Parenting,[500000.0-510000.0],89
[2.0-3.0],Shopping,[0.0-10000.0],29
[1.0-2.0],Food & Drink,[0.0-10000.0],91
[0.0-1.0],Auto & Vehicles,[5000000.0-5010000.0],34
[6.0-7.0],Education,[0.0-10000.0],987
[0.0-1.0],Puzzle,[0.0-10000.0],59155
[0.0-1.0],Arcade,[100000.0-110000.0],2100
[0.0-1.0],Music,[500000.0-510000.0],178
[9.0-10.0],Puzzle,[0.0-10000.0],20
[0.0-1.0],Trivia,[100000.0-110000.0],807
[7.0-8.0],Photography,[0.0-10000.0],45
[2.0-3.0],Educational,[0.0-10000.0],399
[2.0-3.0],Sports,[0.0-10000.0],317
[2.0-3.0],Productivity,[10000.0-20000.0],29
[0.0-1.0],House & Home,[0.0-10000.0],8162
[0.0-1.0],Simulation,[5.0E7-5.001E7],46
[2.0-3.0],Strategy,[0.0-10000.0],96
[0.0-1.0],Photography,[1.0E7-1.001E7],311
[13.0-14.0],Tools,[0.0-10000.0],24
[0.0-1.0],Educational,[50000.0-60000.0],895
[0.0-1.0],Action,[1.0E7-1.001E7],463
[0.0-1.0],Music & Audio,[5000000.0-5010000.0],205
[19.0-20.0],Tools,[0.0-10000.0],30
"",Educational,"",47
[4.0-5.0],Art & Design,[0.0-10000.0],28
[0.0-1.0],Food & Drink,[100000.0-110000.0],1315
[2.0-3.0],Personalization,[0.0-10000.0],1241
[0.0-1.0],Educational,[10000.0-20000.0],2804
[0.0-1.0],House & Home,[500000.0-510000.0],42
[8.0-9.0],Music & Audio,[0.0-10000.0],165
[7.0-8.0],Travel & Local,[0.0-10000.0],149
[2.0-3.0],Comics,[0.0-10000.0],20
[0.0-1.0],Entertainment,[100000.0-110000.0],9980
[2.0-3.0],Finance,[0.0-10000.0],138
[0.0-1.0],Casino,[50000.0-60000.0],565
[0.0-1.0],Personalization,[500000.0-510000.0],1033
[9.0-10.0],Productivity,[0.0-10000.0],103
[0.0-1.0],Business,[500000.0-510000.0],537
[0.0-1.0],Simulation,[50000.0-60000.0],2100
[0.0-1.0],Food & Drink,[1.0E7-1.001E7],59
[0.0-1.0],Casual,[1.0E7-1.001E7],520
[0.0-1.0],Maps & Navigation,[500000.0-510000.0],377
[1.0-2.0],Video Players & Editors,[0.0-10000.0],78
[0.0-1.0],Maps & Navigation,[0.0-10000.0],33476
[0.0-1.0],Arcade,[50000.0-60000.0],1365
[3.0-4.0],Trivia,[0.0-10000.0],22
[0.0-1.0],Adventure,[5000000.0-5010000.0],192
[1.0-2.0],Arcade,[0.0-10000.0],419
[0.0-1.0],Productivity,[1.0E7-1.001E7],163
[0.0-1.0],Personalization,[10000.0-20000.0],11421
[1.0-2.0],Card,[0.0-10000.0],116
[0.0-1.0],Music,[1000000.0-1010000.0],182
[0.0-1.0],Libraries & Demo,[100000.0-110000.0],160
[12.0-13.0],Books & Reference,[0.0-10000.0],31
[0.0-1.0],Word,[0.0-10000.0],10472
[8.0-9.0],Video Players & Editors,[0.0-10000.0],26
[0.0-1.0],Books & Reference,[10000.0-20000.0],17135
[2.0-3.0],Card,[0.0-10000.0],88
[0.0-1.0],Puzzle,[1000000.0-1010000.0],1420
[3.0-4.0],Music & Audio,[0.0-10000.0],220
[1.0-2.0],News & Magazines,[0.0-10000.0],39
[5.0-6.0],Sports,[0.0-10000.0],130
[24.0-25.0],Medical,[0.0-10000.0],26
[0.0-1.0],Art & Design,[100000.0-110000.0],928
[0.0-1.0],House & Home,[10000.0-20000.0],398
[2.0-3.0],Education,[10000.0-20000.0],63
[0.0-1.0],Video Players & Editors,[500000.0-510000.0],450
"",Social,"",281
[0.0-1.0],Casino,[1.0E7-1.001E7],43
[0.0-1.0],Education,[0.0-10000.0],320486
[24.0-25.0],Books & Reference,[0.0-10000.0],26
[0.0-1.0],Communication,[0.0-10000.0],68259
[0.0-1.0],Strategy,[0.0-10000.0],9290
[6.0-7.0],Adventure,[10000.0-20000.0],20
[0.0-1.0],Board,[10000.0-20000.0],1672
[1.0-2.0],Sports,[0.0-10000.0],476
[2.0-3.0],Health & Fitness,[0.0-10000.0],350
[0.0-1.0],Personalization,[50000.0-60000.0],3521
[1.0-2.0],Productivity,[10000.0-20000.0],29
[4.0-5.0],News & Magazines,[0.0-10000.0],20
[0.0-1.0],Travel & Local,[500000.0-510000.0],473
[0.0-1.0],None,"",35
[3.0-4.0],Card,[0.0-10000.0],41
[0.0-1.0],Communication,[500000.0-510000.0],566
[0.0-1.0],Parenting,[10000.0-20000.0],702
[0.0-1.0],Auto & Vehicles,[10000.0-20000.0],2920
[6.0-7.0],Finance,[0.0-10000.0],32
[0.0-1.0],Video Players & Editors,[50000.0-60000.0],824
"",Shopping,"",973
[2.0-3.0],Puzzle,[10000.0-20000.0],36
[5.0-6.0],Simulation,[0.0-10000.0],26
[0.0-1.0],Shopping,[500000.0-510000.0],699
[0.0-1.0],Dating,[1.0E7-1.001E7],23
[0.0-1.0],Health & Fitness,[1.0E7-1.001E7],39
[0.0-1.0],Beauty,[0.0-10000.0],21199
[0.0-1.0],Simulation,[500000.0-510000.0],1614
[0.0-1.0],Role Playing,[0.0-10000.0],7470
[1.0-2.0],Tools,[0.0-10000.0],1733
[0.0-1.0],Business,[10000.0-20000.0],11868
[0.0-1.0],Entertainment,[1.0E8-1.0001E8],39
[0.0-1.0],Libraries & Demo,[0.0-10000.0],5991
[0.0-1.0],Card,[5000000.0-5010000.0],94
[14.0-15.0],Books & Reference,[0.0-10000.0],46
[0.0-1.0],Social,[50000.0-60000.0],1526
[8.0-9.0],Tools,[0.0-10000.0],72
[0.0-1.0],Video Players & Editors,[10000.0-20000.0],2587
[5.0-6.0],Role Playing,[0.0-10000.0],26
[0.0-1.0],Comics,[5000000.0-5010000.0],22
[0.0-1.0],Word,[100000.0-110000.0],797
[0.0-1.0],Personalization,[1.0E7-1.001E7],146
[2.0-3.0],Business,[0.0-10000.0],194
[6.0-7.0],Entertainment,[0.0-10000.0],49
[1.0-2.0],Productivity,[0.0-10000.0],794
[6.0-7.0],Health & Fitness,[0.0-10000.0],66
[0.0-1.0],Art & Design,[5000000.0-5010000.0],43
[0.0-1.0],News & Magazines,[500000.0-510000.0],368
[0.0-1.0],Educational,[500000.0-510000.0],454
[0.0-1.0],Travel & Local,[5000000.0-5010000.0],91
[0.0-1.0],Board,[500000.0-510000.0],280
[0.0-1.0],Books & Reference,[1.0E7-1.001E7],63
[1.0-2.0],Educational,[0.0-10000.0],505
[6.0-7.0],Sports,[0.0-10000.0],103
[0.0-1.0],Maps & Navigation,[1.0E7-1.001E7],61
"",Productivity,"",218
[4.0-5.0],Social,[0.0-10000.0],21
[13.0-14.0],Business,[0.0-10000.0],20
[0.0-1.0],Entertainment,[1000000.0-1010000.0],2579
[2.0-3.0],Medical,[0.0-10000.0],459
[99.0-100.0],Sports,[0.0-10000.0],35
[3.0-4.0],Adventure,[10000.0-20000.0],30
[1.0-2.0],Tools,[10000.0-20000.0],84
[0.0-1.0],Music,[5000000.0-5010000.0],41
[2.0-3.0],Casino,[0.0-10000.0],26
[14.0-15.0],Education,[0.0-10000.0],68
[0.0-1.0],Personalization,[5000000.0-5010000.0],252
[3.0-4.0],Social,[0.0-10000.0],24
[0.0-1.0],Video Players & Editors,[5.0E7-5.001E7],32
[0.0-1.0],Productivity,[0.0-10000.0],127630
[24.0-25.0],Education,[0.0-10000.0],40
[0.0-1.0],Educational,[1.0E7-1.001E7],248
[7.0-8.0],Music & Audio,[0.0-10000.0],360
[0.0-1.0],Social,[100000.0-110000.0],2265
[9.0-10.0],Adventure,[0.0-10000.0],21
[0.0-1.0],Educational,[1000000.0-1010000.0],683
[3.0-4.0],Medical,[0.0-10000.0],201
[0.0-1.0],Music & Audio,[0.0-10000.0],182919
[0.0-1.0],Casino,[100000.0-110000.0],859
[0.0-1.0],Music,[0.0-10000.0],4842
[1.0-2.0],Social,[0.0-10000.0],130
[5.0-6.0],Food & Drink,[0.0-10000.0],25
[9.0-10.0],Finance,[0.0-10000.0],38
[1.0-2.0],Simulation,[0.0-10000.0],160
[2.0-3.0],Lifestyle,[0.0-10000.0],268
[0.0-1.0],Social,[1000000.0-1010000.0],675
[0.0-1.0],Casual,[10000.0-20000.0],6351
[0.0-1.0],Puzzle,[10000.0-20000.0],6735
[4.0-5.0],Music & Audio,[0.0-10000.0],154
[8.0-9.0],Sports,[0.0-10000.0],51
[0.0-1.0],Books & Reference,[0.0-10000.0],107054
[10.0-11.0],Education,[0.0-10000.0],89
[0.0-1.0],Events,[100000.0-110000.0],155
[7.0-8.0],Health & Fitness,[0.0-10000.0],55
[3.0-4.0],Art & Design,[0.0-10000.0],39
[0.0-1.0],Puzzle,[50000.0-60000.0],2118
[0.0-1.0],Weather,[500000.0-510000.0],314
[3.0-4.0],Strategy,[0.0-10000.0],33
[1.0-2.0],Weather,[0.0-10000.0],71
[0.0-1.0],Food & Drink,[500000.0-510000.0],302
[17.0-18.0],Business,[0.0-10000.0],21
[0.0-1.0],Sports,[0.0-10000.0],55633
[3.0-4.0],Health & Fitness,[0.0-10000.0],196
[3.0-4.0],Personalization,[0.0-10000.0],617
[1.0-2.0],Travel & Local,[0.0-10000.0],560
[4.0-5.0],Books & Reference,[0.0-10000.0],814
[1.0-2.0],Adventure,[0.0-10000.0],265
[5.0-6.0],Books & Reference,[0.0-10000.0],363
[0.0-1.0],Photography,[0.0-10000.0],27241
[0.0-1.0],Tools,[5000000.0-5010000.0],708
[17.0-18.0],Education,[0.0-10000.0],41
[4.0-5.0],Food & Drink,[0.0-10000.0],56
[2.0-3.0],Role Playing,[0.0-10000.0],117
[29.0-30.0],Education,[0.0-10000.0],34
[21.0-22.0],Education,[0.0-10000.0],29
[0.0-1.0],Social,[5000000.0-5010000.0],141
[3.0-4.0],Video Players & Editors,[0.0-10000.0],68
[0.0-1.0],Photography,[10000.0-20000.0],5327
[0.0-1.0],Casino,[500000.0-510000.0],227
[9.0-10.0],Sports,[0.0-10000.0],108
[0.0-1.0],Photography,[500000.0-510000.0],882
[1.0-2.0],Simulation,[10000.0-20000.0],21
[14.0-15.0],Business,[0.0-10000.0],27
[0.0-1.0],Beauty,[1000000.0-1010000.0],114
[0.0-1.0],Education,[5000000.0-5010000.0],162
[0.0-1.0],Entertainment,[1.0E7-1.001E7],362
[0.0-1.0],Board,[50000.0-60000.0],589
[0.0-1.0],Board,[1.0E7-1.001E7],82
[0.0-1.0],Card,[500000.0-510000.0],360
[0.0-1.0],Travel & Local,[10000.0-20000.0],6851
[0.0-1.0],Education,[50000.0-60000.0],8201
[4.0-5.0],Adventure,[10000.0-20000.0],21
[4.0-5.0],Maps & Navigation,[0.0-10000.0],314
[3.0-4.0],Tools,[10000.0-20000.0],32
[6.0-7.0],Adventure,[0.0-10000.0],91
[0.0-1.0],Photography,[1.0E8-1.0001E8],33
[19.0-20.0],Productivity,[0.0-10000.0],31
[4.0-5.0],Video Players & Editors,[0.0-10000.0],33
[0.0-1.0],Business,[1000000.0-1010000.0],540
[0.0-1.0],Music & Audio,[1.0E7-1.001E7],222
[0.0-1.0],Weather,[50000.0-60000.0],516
[4.0-5.0],Board,[10000.0-20000.0],23
[12.0-13.0],Education,[0.0-10000.0],115
[0.0-1.0],Simulation,[10000.0-20000.0],5028
[0.0-1.0],Strategy,[500000.0-510000.0],456
[0.0-1.0],Parenting,[100000.0-110000.0],313
[0.0-1.0],Shopping,[1.0E8-1.0001E8],22
"",Photography,"",276
[0.0-1.0],Dating,[1000000.0-1010000.0],158
[0.0-1.0],Dating,[500000.0-510000.0],158
[19.0-20.0],Lifestyle,[0.0-10000.0],28
[0.0-1.0],Music & Audio,[500000.0-510000.0],1033
[1.0-2.0],Photography,[10000.0-20000.0],25
[2.0-3.0],Art & Design,[0.0-10000.0],78
[0.0-1.0],Tools,[0.0-10000.0],182876
[3.0-4.0],Business,[0.0-10000.0],104
[0.0-1.0],Action,[10000.0-20000.0],3783
[0.0-1.0],Casual,[1000000.0-1010000.0],2062
[0.0-1.0],Simulation,[1000000.0-1010000.0],2347
[14.0-15.0],Medical,[0.0-10000.0],31
[0.0-1.0],Educational,[5000000.0-5010000.0],186
[4.0-5.0],Educational,[0.0-10000.0],164
[5.0-6.0],Health & Fitness,[0.0-10000.0],108
[0.0-1.0],Maps & Navigation,[50000.0-60000.0],1113
[0.0-1.0],Entertainment,[10000.0-20000.0],23837
[4.0-5.0],Auto & Vehicles,[0.0-10000.0],31
[0.0-1.0],Art & Design,[0.0-10000.0],20783
[0.0-1.0],Video Players & Editors,[0.0-10000.0],9969
[1.0-2.0],Trivia,[0.0-10000.0],79
[0.0-1.0],Shopping,[1.0E7-1.001E7],231
[4.0-5.0],Casino,[0.0-10000.0],24
[3.0-4.0],Education,[10000.0-20000.0],45
[0.0-1.0],Music,[1.0E7-1.001E7],53
[1.0-2.0],Music & Audio,[0.0-10000.0],683
[4.0-5.0],Educational,[10000.0-20000.0],41
[0.0-1.0],Auto & Vehicles,[50000.0-60000.0],687
[0.0-1.0],Health & Fitness,[0.0-10000.0],31806
[4.0-5.0],Puzzle,[0.0-10000.0],140
[0.0-1.0],Maps & Navigation,[5000000.0-5010000.0],88
[14.0-15.0],Productivity,[0.0-10000.0],30
[0.0-1.0],Sports,[5000000.0-5010000.0],211
[1.0-2.0],Business,[0.0-10000.0],224
[5.0-6.0],Entertainment,[0.0-10000.0],135
[1.0-2.0],Action,[0.0-10000.0],227
[0.0-1.0],Casual,[500000.0-510000.0],1301
[11.0-12.0],Productivity,[0.0-10000.0],22
"",Lifestyle,"",456
[7.0-8.0],Art & Design,[0.0-10000.0],21
[0.0-1.0],Racing,[5.0E7-5.001E7],50
"",Business,"",1824
[0.0-1.0],Action,[50000.0-60000.0],1316
[9.0-10.0],Health & Fitness,[0.0-10000.0],138
[19.0-20.0],Sports,[0.0-10000.0],25
[0.0-1.0],Books & Reference,[1000000.0-1010000.0],688
[4.0-5.0],Card,[0.0-10000.0],29
[1.0-2.0],Educational,[10000.0-20000.0],25
"",News & Magazines,"",30
[0.0-1.0],Educational,[5.0E7-5.001E7],27
[0.0-1.0],Tools,[50000.0-60000.0],6658
[0.0-1.0],Shopping,[5.0E7-5.001E7],26
[2.0-3.0],Education,[0.0-10000.0],2123
[1.0-2.0],Education,[10000.0-20000.0],33
[0.0-1.0],Finance,[50000.0-60000.0],3841
[0.0-1.0],Lifestyle,[100000.0-110000.0],5417
"",1,"",32
[2.0-3.0],Puzzle,[0.0-10000.0],392
[0.0-1.0],Role Playing,[5000000.0-5010000.0],204
[0.0-1.0],Libraries & Demo,[10000.0-20000.0],466
[1.0-2.0],Shopping,[0.0-10000.0],56
[0.0-1.0],Board,[0.0-10000.0],10122
[0.0-1.0],Travel & Local,[1.0E7-1.001E7],71
[0.0-1.0],Casual,[5.0E7-5.001E7],61
[0.0-1.0],Music,[10000.0-20000.0],1174
[2.0-3.0],Maps & Navigation,[0.0-10000.0],182
[4.0-5.0],Communication,[0.0-10000.0],54
[5.0-6.0],Lifestyle,[0.0-10000.0],45
[3.0-4.0],Tools,[0.0-10000.0],564
"",Books & Reference,"",803
[0.0-1.0],Entertainment,[0.0-10000.0],160889
[0.0-1.0],Education,[10000.0-20000.0],32823
[0.0-1.0],Adventure,[10000.0-20000.0],3348
[0.0-1.0],Action,[0.0-10000.0],30270
[5.0-6.0],Communication,[0.0-10000.0],28
[10.0-11.0],Business,[0.0-10000.0],24
[0.0-1.0],Maps & Navigation,[10000.0-20000.0],4073
[0.0-1.0],Events,[10000.0-20000.0],685
[3.0-4.0],Food & Drink,[0.0-10000.0],36
[2.0-3.0],Action,[0.0-10000.0],156
[8.0-9.0],Health & Fitness,[0.0-10000.0],20
[0.0-1.0],Casino,[5000000.0-5010000.0],57
[0.0-1.0],Arcade,[500000.0-510000.0],630
[4.0-5.0],Arcade,[0.0-10000.0],43
[0.0-1.0],Puzzle,[500000.0-510000.0],962
[6.0-7.0],Medical,[0.0-10000.0],58
[299.0-300.0],Sports,[0.0-10000.0],24
[4.0-5.0],Education,[0.0-10000.0],1236
[0.0-1.0],News & Magazines,[0.0-10000.0],42850
[1.0-2.0],Strategy,[0.0-10000.0],123
[9.0-10.0],Music & Audio,[0.0-10000.0],95
[1.0-2.0],Art & Design,[0.0-10000.0],207
[5.0-6.0],Puzzle,[0.0-10000.0],45
[0.0-1.0],Auto & Vehicles,[500000.0-510000.0],167
[0.0-1.0],Business,[0.0-10000.0],229328
[0.0-1.0],Business,[100000.0-110000.0],2778
[1.0-2.0],Education,[0.0-10000.0],2702
[9.0-10.0],Education,[0.0-10000.0],458
[0.0-1.0],Health & Fitness,[10000.0-20000.0],2107
[10.0-11.0],Productivity,[0.0-10000.0],37
[0.0-1.0],Word,[10000.0-20000.0],1446
[0.0-1.0],Productivity,[100000.0-110000.0],3279
[7.0-8.0],Education,[0.0-10000.0],259
[0.0-1.0],Casino,[1000000.0-1010000.0],276
[10.0-11.0],Medical,[0.0-10000.0],27
[0.0-1.0],Strategy,[5.0E7-5.001E7],21
[0.0-1.0],Social,[0.0-10000.0],58176
[0.0-1.0],Adventure,[100000.0-110000.0],1982
[0.0-1.0],Board,[100000.0-110000.0],1055
[0.0-1.0],Word,[5000000.0-5010000.0],64
[0.0-1.0],Health & Fitness,[500000.0-510000.0],198
[0.0-1.0],Photography,[5000000.0-5010000.0],271
[0.0-1.0],Shopping,[5000000.0-5010000.0],179
[0.0-1.0],Tools,[10000.0-20000.0],23097
[2.0-3.0],Arcade,[0.0-10000.0],204
[0.0-1.0],Business,[1.0E7-1.001E7],94
[0.0-1.0],Sports,[100000.0-110000.0],2549
[0.0-1.0],Dating,[0.0-10000.0],6755
"",Puzzle,"",101
[3.0-4.0],Auto & Vehicles,[0.0-10000.0],53
[0.0-1.0],Medical,[0.0-10000.0],43167
[0.0-1.0],Action,[100000.0-110000.0],2627
[4.0-5.0],Role Playing,[0.0-10000.0],69
[5.0-6.0],Maps & Navigation,[0.0-10000.0],28
[8.0-9.0],Medical,[0.0-10000.0],50
[0.0-1.0],Personalization,[0.0-10000.0],66124
[1.0-2.0],Communication,[0.0-10000.0],286
[0.0-1.0],Photography,[100000.0-110000.0],3123
[0.0-1.0],Productivity,[500000.0-510000.0],780
[0.0-1.0],Comics,[100000.0-110000.0],295
[0.0-1.0],Shopping,[50000.0-60000.0],2331
[0.0-1.0],Health & Fitness,[100000.0-110000.0],858
[3.0-4.0],Arcade,[0.0-10000.0],86
[1.0-2.0],Casino,[0.0-10000.0],47
[6.0-7.0],Educational,[0.0-10000.0],25
[3.0-4.0],Puzzle,[0.0-10000.0],145
[9.0-10.0],Communication,[0.0-10000.0],24
[3.0-4.0],Word,[0.0-10000.0],22
"",Casual,"",124
[0.0-1.0],Finance,[1000000.0-1010000.0],1541
[0.0-1.0],Entertainment,[5000000.0-5010000.0],440
[8.0-9.0],Personalization,[0.0-10000.0],230
[5.0-6.0],Photography,[0.0-10000.0],20
[0.0-1.0],Video Players & Editors,[100000.0-110000.0],1474
[0.0-1.0],Comics,[1000000.0-1010000.0],98
[3.0-4.0],Education,[0.0-10000.0],1660
[0.0-1.0],Card,[50000.0-60000.0],696
[0.0-1.0],Racing,[50000.0-60000.0],582
[8.0-9.0],Productivity,[0.0-10000.0],52
[14.0-15.0],Tools,[0.0-10000.0],46
[0.0-1.0],Events,[1000000.0-1010000.0],28
[0.0-1.0],Adventure,[1000000.0-1010000.0],884
[0.0-1.0],Word,[50000.0-60000.0],482
[0.0-1.0],Action,[5.0E7-5.001E7],78
[0.0-1.0],Educational,[100000.0-110000.0],1462
[7.0-8.0],Medical,[0.0-10000.0],34
[2.0-3.0],Productivity,[0.0-10000.0],417
[0.0-1.0],Libraries & Demo,[1000000.0-1010000.0],41
[0.0-1.0],Video Players & Editors,[1.0E8-1.0001E8],28
[0.0-1.0],Food & Drink,[1000000.0-1010000.0],334
[0.0-1.0],Tools,[1.0E8-1.0001E8],81
[0.0-1.0],Art & Design,[1000000.0-1010000.0],235
[0.0-1.0],Simulation,[5000000.0-5010000.0],446
[4.0-5.0],Productivity,[10000.0-20000.0],24
[5.0-6.0],Productivity,[0.0-10000.0],110
[0.0-1.0],Music & Audio,[5.0E7-5.001E7],37
[0.0-1.0],Role Playing,[10000.0-20000.0],2707
[0.0-1.0],Puzzle,[1.0E8-1.0001E8],31
[2.0-3.0],Books & Reference,[0.0-10000.0],1054
[0.0-1.0],Finance,[5000000.0-5010000.0],304
[4.0-5.0],Casual,[0.0-10000.0],83
[2.0-3.0],Parenting,[0.0-10000.0],27
[9.0-10.0],Video Players & Editors,[0.0-10000.0],22
[11.0-12.0],Education,[0.0-10000.0],83
[0.0-1.0],Adventure,[0.0-10000.0],22246
[0.0-1.0],Racing,[1000000.0-1010000.0],765
[0.0-1.0],Trivia,[1.0E7-1.001E7],36
[0.0-1.0],Trivia,[10000.0-20000.0],1736
[13.0-14.0],Education,[0.0-10000.0],87
[0.0-1.0],Shopping,[10000.0-20000.0],9323
[0.0-1.0],Strategy,[5000000.0-5010000.0],183
[0.0-1.0],Maps & Navigation,[1000000.0-1010000.0],398
[1.0-2.0],Maps & Navigation,[0.0-10000.0],154
[0.0-1.0],Music & Audio,[1.0E8-1.0001E8],34
[1.0-2.0],Music & Audio,[10000.0-20000.0],25
[0.0-1.0],Role Playing,[1.0E7-1.001E7],172
[15.0-16.0],Books & Reference,[0.0-10000.0],36
[0.0-1.0],Social,[1.0E7-1.001E7],164
"",Medical,"",36
[2.0-3.0],Casual,[0.0-10000.0],205
[0.0-1.0],Puzzle,[5.0E7-5.001E7],59
[8.0-9.0],Lifestyle,[0.0-10000.0],30
[6.0-7.0],Maps & Navigation,[0.0-10000.0],71
[0.0-1.0],Puzzle,[100000.0-110000.0],3489
[5.0-6.0],Education,[0.0-10000.0],508
[99.0-100.0],Education,[0.0-10000.0],20
[0.0-1.0],Word,[1.0E7-1.001E7],71
[0.0-1.0],News & Magazines,[100000.0-110000.0],1808
[0.0-1.0],Weather,[100000.0-110000.0],961
[4.0-5.0],Personalization,[0.0-10000.0],181
[2.0-3.0],Travel & Local,[0.0-10000.0],348
"",Communication,"",593
[0.0-1.0],Comics,[0.0-10000.0],2068
[0.0-1.0],Dating,[10000.0-20000.0],1427
[3.0-4.0],Lifestyle,[0.0-10000.0],165
[0.0-1.0],Education,[1.0E7-1.001E7],130
[0.0-1.0],Parenting,[1000000.0-1010000.0],96
[3.0-4.0],Action,[0.0-10000.0],96
[28.0-29.0],Education,[0.0-10000.0],169
[10.0-11.0],Books & Reference,[0.0-10000.0],50
[0.0-1.0],Business,[50000.0-60000.0],2536
[4.0-5.0],Board,[0.0-10000.0],44
[0.0-1.0],Racing,[500000.0-510000.0],492
[2.0-3.0],Tools,[10000.0-20000.0],66
[5.0-6.0],Travel & Local,[0.0-10000.0],104
[29.0-30.0],Business,[0.0-10000.0],35
[4.0-5.0],Entertainment,[0.0-10000.0],148
[0.0-1.0],Racing,[0.0-10000.0],9036
[0.0-1.0],House & Home,[1000000.0-1010000.0],47
[0.0-1.0],Social,[10000.0-20000.0],5462
[0.0-1.0],Racing,[5000000.0-5010000.0],193
[0.0-1.0],Video Players & Editors,[1.0E7-1.001E7],188
[0.0-1.0],Dating,[5000000.0-5010000.0],27
[18.0-19.0],Education,[0.0-10000.0],28
[0.0-1.0],Casual,[5000000.0-5010000.0],509
[1.0-2.0],Health & Fitness,[0.0-10000.0],506
[0.0-1.0],Music & Audio,[1000000.0-1010000.0],1024
[12.0-13.0],Tools,[0.0-10000.0],38
[0.0-1.0],Adventure,[5.0E7-5.001E7],22
[2.0-3.0],Tools,[0.0-10000.0],1071
[15.0-16.0],Tools,[0.0-10000.0],35
[0.0-1.0],Libraries & Demo,[500000.0-510000.0],38
[3.0-4.0],Communication,[0.0-10000.0],57
[3.0-4.0],Simulation,[0.0-10000.0],78
[0.0-1.0],Casual,[1.0E8-1.0001E8],36
[11.0-12.0],Books & Reference,[0.0-10000.0],65
[0.0-1.0],Role Playing,[100000.0-110000.0],2538
[3.0-4.0],Racing,[0.0-10000.0],25
[2.0-3.0],Word,[0.0-10000.0],41
[0.0-1.0],Health & Fitness,[1000000.0-1010000.0],258
[7.0-8.0],Sports,[0.0-10000.0],39
[6.0-7.0],Simulation,[0.0-10000.0],24
[0.0-1.0],Auto & Vehicles,[0.0-10000.0],30995
[0.0-1.0],Auto & Vehicles,[100000.0-110000.0],975
[0.0-1.0],Strategy,[50000.0-60000.0],616
[0.0-1.0],Personalization,[100000.0-110000.0],4824
"",Maps & Navigation,"",154
[15.0-16.0],Education,[0.0-10000.0],57
[0.0-1.0],Lifestyle,[50000.0-60000.0],3821
[0.0-1.0],Weather,[10000.0-20000.0],1411
[19.0-20.0],Health & Fitness,[0.0-10000.0],20
[0.0-1.0],Parenting,[50000.0-60000.0],194
[2.0-3.0],Social,[0.0-10000.0],44
[5.0-6.0],Business,[0.0-10000.0],76
[1.0-2.0],Puzzle,[100000.0-110000.0],20
[5.0-6.0],Strategy,[0.0-10000.0],26
[12.0-13.0],Productivity,[0.0-10000.0],35
[3.0-4.0],Books & Reference,[0.0-10000.0],577
[0.0-1.0],Communication,[1.0E8-1.0001E8],25
[32.0-33.0],Books & Reference,[0.0-10000.0],67
[4.0-5.0],Adventure,[0.0-10000.0],163
[0.0-1.0],Sports,[50000.0-60000.0],1783
[10.0-11.0],Health & Fitness,[0.0-10000.0],31
[9.0-10.0],Books & Reference,[0.0-10000.0],166
[8.0-9.0],Business,[0.0-10000.0],39
[0.0-1.0],Communication,[5.0E7-5.001E7],25
[0.0-1.0],Racing,[10000.0-20000.0],1626
[0.0-1.0],News & Magazines,[10000.0-20000.0],5515
[0.0-1.0],Medical,[1000000.0-1010000.0],200
[1.0-2.0],Casual,[0.0-10000.0],290
[24.0-25.0],Photography,[0.0-10000.0],28
[31.0-32.0],Books & Reference,[0.0-10000.0],58
[19.0-20.0],Business,[0.0-10000.0],51
[0.0-1.0],Tools,[1.0E7-1.001E7],721
[0.0-1.0],Weather,[5000000.0-5010000.0],106
[0.0-1.0],Books & Reference,[5000000.0-5010000.0],84
[19.0-20.0],Education,[0.0-10000.0],90
[2.0-3.0],Food & Drink,[0.0-10000.0],58
[3.0-4.0],Role Playing,[0.0-10000.0],80
[4.0-5.0],Health & Fitness,[0.0-10000.0],198
[3.0-4.0],Productivity,[0.0-10000.0],239
[39.0-40.0],Education,[0.0-10000.0],27
